-- Seed Stream Sessions
INSERT INTO stream_sessions (session_date, start_time, end_time, stream_length_minutes, most_viewers, avg_viewers, best_rank, avg_rank, best_gender_rank, avg_gender_rank, page_number, start_followers, end_followers, tips_this_session, members_tipped, usd_per_hour, total_usd_session, notes) VALUES
('2025-11-20', '18:00:00', '21:00:00', 180, 245, 180, 1250, 1800, 580, 920, 3, 4500, 4502, 48, 18, 42.33, 127.00, 'Good evening stream'),
('2025-11-21', '19:30:00', '22:00:00', 150, 198, 145, 1580, 2100, 720, 1200, 4, 4502, 4510, 155, 42, 21.20, 53.00, 'Late night session'),
('2025-12-01', '18:00:00', '20:30:00', 150, 380, 280, 890, 1450, 420, 650, 2, 4510, 4515, 226, 68, 74.40, 186.00, 'Strong December start'),
('2025-12-06', '20:00:00', '22:30:00', 150, 420, 310, 750, 1200, 350, 580, 2, 4520, 4528, 393, 95, 63.60, 159.00, 'Weekend success'),
('2025-12-08', '19:00:00', '21:00:00', 120, 290, 210, 980, 1600, 520, 850, 3, 4528, 4532, 162, 45, 49.00, 98.00, 'Decent Monday'),
('2025-12-15', '18:00:00', '21:00:00', 180, 520, 380, 620, 1050, 280, 450, 2, 4535, 4545, 385, 102, 85.00, 255.00, 'Holiday stream boost'),
('2025-12-20', '20:00:00', '23:00:00', 180, 580, 420, 580, 980, 250, 400, 1, 4545, 4552, 450, 125, 98.50, 295.50, 'Peak holiday viewing'),
('2026-01-10', '18:30:00', '20:30:00', 120, 310, 220, 850, 1500, 420, 700, 3, 4560, 4565, 210, 58, 55.00, 110.00, 'Post-holiday recovery'),
('2026-02-01', '19:00:00', '21:30:00', 150, 380, 270, 920, 1400, 480, 750, 2, 4580, 4585, 285, 75, 62.00, 155.00, 'February momentum'),
('2026-02-14', '18:00:00', '22:00:00', 240, 620, 450, 520, 900, 200, 350, 1, 4590, 4598, 580, 145, 120.00, 480.00, 'Valentines special stream'),
('2026-02-28', '20:00:00', '23:00:00', 180, 550, 390, 650, 1100, 310, 550, 2, 4605, 4612, 420, 110, 92.00, 276.00, 'End of month push'),
('2026-03-05', '18:00:00', '20:30:00', 150, 480, 340, 750, 1250, 380, 680, 2, 4620, 4628, 380, 98, 75.00, 187.50, 'March streaming'),
('2026-03-08', '19:00:00', '22:00:00', 180, 780, 520, 480, 850, 150, 280, 1, 4640, 4655, 219, 85, 405.00, 1217.00, 'HUGE stream with monkeyapp170280!'),
('2026-03-11', '18:30:00', '21:00:00', 150, 650, 450, 620, 1050, 290, 520, 2, 4660, 4670, 364, 110, 145.20, 363.00, 'Strong viewer engagement'),
('2026-03-15', '20:00:00', '22:30:00', 150, 520, 380, 780, 1200, 420, 700, 2, 4675, 4682, 285, 78, 68.00, 170.00, 'Mid-month success'),
('2026-03-20', '18:00:00', '21:00:00', 180, 600, 430, 690, 1150, 340, 620, 2, 4690, 4700, 450, 125, 88.00, 264.00, 'Consistent growth'),
('2026-03-25', '19:30:00', '22:00:00', 150, 550, 390, 720, 1300, 380, 650, 2, 4705, 4715, 380, 105, 82.00, 205.00, 'Late month stream'),
('2026-03-28', '18:00:00', '20:45:00', 165, 720, 480, 580, 980, 250, 420, 1, 4720, 4735, 286, 96, 195.00, 538.00, 'Excellent stream with glandecitox'),
('2026-03-29', '20:00:00', '22:30:00', 150, 620, 430, 680, 1150, 320, 580, 2, 4740, 4750, 156, 62, 119.20, 298.00, 'Great close to month');

-- Seed Daily Earnings
INSERT INTO daily_earnings (earnings_date, total_usd, total_tokens, number_of_tips, avg_tip_usd, avg_tip_tokens, highest_tipper_username, highest_tip_tokens, highest_tip_usd, number_of_streams) VALUES
('2025-11-20', 127.00, 2540, 48, 2.65, 52.92, 'amazer889', 1960, 99.00, 1),
('2025-11-21', 53.00, 1060, 155, 0.34, 6.84, 'magc01', 500, 25.00, 1),
('2025-12-01', 186.00, 3720, 226, 0.82, 16.44, 'chugchugchaz', 2020, 101.00, 1),
('2025-12-06', 159.00, 3180, 393, 0.40, 8.09, 'amazer889', 760, 38.00, 1),
('2025-12-08', 98.00, 1960, 162, 0.60, 12.10, 'armando886140', 320, 16.00, 1),
('2025-12-15', 255.00, 5100, 385, 0.66, 13.25, 'themainevent69', 1180, 59.00, 1),
('2025-12-20', 295.50, 5910, 450, 0.66, 13.13, 'monkeyapp170280', 2100, 105.00, 1),
('2026-01-10', 110.00, 2200, 210, 0.52, 10.48, 'maybeidkno', 650, 32.50, 1),
('2026-02-01', 155.00, 3100, 285, 0.54, 10.88, 'glandecitox', 950, 47.50, 1),
('2026-02-14', 480.00, 9600, 580, 0.83, 16.55, 'monkeyapp170280', 3500, 175.00, 1),
('2026-02-28', 276.00, 5520, 420, 0.66, 13.14, '87chi', 1200, 60.00, 1),
('2026-03-05', 187.50, 3750, 380, 0.49, 9.87, 'ghostwriter82', 820, 41.00, 1),
('2026-03-08', 1217.00, 24340, 219, 5.56, 111.10, 'monkeyapp170280', 22200, 1110.00, 1),
('2026-03-11', 363.00, 7260, 364, 1.00, 19.95, 'glandecitox', 4480, 224.00, 1),
('2026-03-15', 170.00, 3400, 285, 0.60, 11.93, 'anesthesiadr', 840, 42.00, 1),
('2026-03-20', 264.00, 5280, 450, 0.59, 11.73, 'maybeidkno', 1580, 79.00, 1),
('2026-03-25', 205.00, 4100, 380, 0.54, 10.79, 'themainevent69', 1240, 62.00, 1),
('2026-03-28', 538.00, 10760, 286, 1.88, 37.62, 'glandecitox', 7540, 377.00, 1),
('2026-03-29', 298.00, 5960, 156, 1.91, 38.21, 'jaytano', 2740, 137.00, 1);

-- Seed Tippers
INSERT INTO tippers (username, total_tokens_all_time, total_usd_all_time, number_of_tips, biggest_single_tip_tokens, biggest_single_tip_usd, first_seen_date, last_seen_date, notes) VALUES
('monkeyapp170280', 25620, 1281.00, 145, 22200, 1110.00, '2025-11-20', '2026-03-29', 'VIP supporter, very generous'),
('maybeidkno', 12620, 631.00, 78, 1580, 79.00, '2025-11-21', '2026-03-25', 'Regular tipper'),
('glandecitox', 15820, 791.00, 98, 7540, 377.00, '2025-12-01', '2026-03-28', 'Consistent big spender'),
('anesthesiadr', 8480, 424.00, 52, 840, 42.00, '2025-12-06', '2026-03-15', 'Steady supporter'),
('themainevent69', 7860, 393.00, 48, 1240, 62.00, '2025-12-08', '2026-03-25', 'Active member'),
('amazer889', 6200, 310.00, 38, 1960, 99.00, '2025-11-20', '2025-12-06', 'Early supporter'),
('87chi', 3100, 155.00, 19, 1200, 60.00, '2025-12-15', '2026-02-28', ''),
('ghostwriter82', 3300, 165.00, 20, 820, 41.00, '2025-12-20', '2026-03-05', 'Occasional tipper'),
('chugchugchaz', 2020, 101.00, 12, 2020, 101.00, '2025-12-01', '2025-12-01', ''),
('magc01', 500, 25.00, 3, 500, 25.00, '2025-11-21', '2025-11-21', ''),
('armando886140', 320, 16.00, 2, 320, 16.00, '2025-12-08', '2025-12-08', ''),
('jaytano', 2740, 137.00, 16, 2740, 137.00, '2026-03-29', '2026-03-29', 'New big tipper');

-- Seed Goals
INSERT INTO goals (goal_type, target_value, current_value, period, month, is_active) VALUES
('Monthly Revenue', 2000, 1542, 'monthly', '2026-03', true),
('Followers', 5000, 4750, 'permanent', NULL, true),
('Average Viewers', 400, 380, 'monthly', '2026-03', true);

-- Seed Settings
INSERT INTO settings (key, value) VALUES
('token_to_usd_rate', '0.05'),
('timezone', 'America/New_York'),
('day_score_weights', '{"usd": 0.4, "tips": 0.3, "viewers": 0.2, "followers": 0.1}'),
('chaturbate_api_key', '');
